Sheet,1,2,3,4,5,6,7,8,9,10,11
A One C - No,R,R,R,N,R,R,R,R,R,22.4,R
A One C - Yes,95.0,96.4,89.0,N,88.1,93.5,87.9,91.1,99.3,77.6,89.4
Advised to Change Eating Hab - No,30.6,22.8,26.1,24.1,28.3,22.7,32.6,28.6,20.7,23.9,18.6
Advised to Change Eating Hab - Yes,69.4,77.2,73.9,75.9,71.7,77.3,67.4,71.4,79.3,76.1,81.4
Advised to Cut Down Salt - Do not use salt,R,R,R,R,R,R,R,R,R,R,R
Advised to Cut Down Salt - No,29.4,32.1,29.1,28.6,26.3,29.9,32.7,30.5,20.9,26.3,21.2
Advised to Cut Down Salt - Yes,67.2,67.3,69.9,69.7,70.9,69.8,67.1,69.4,77.4,73.3,77.7
Advised to Exercise - No,21.2,18.1,14.1,18.0,19.3,15.0,23.0,19.7,15.3,17.2,7.8
Advised to Exercise - Yes,78.8,81.9,85.9,82.0,80.7,85.0,77.0,80.3,84.7,82.8,92.2
Advised to Take Med - No,R,3.6,13.0,R,R,12.9,17.7,13.3,R,12.7,R
Advised to Take Med - Yes,91.4,96.4,87.0,89.3,89.1,87.1,82.3,86.7,87.5,87.3,89.9
"All Teeth Removed, 65+ - No",89.2,73.7,88.5,73.8,90.4,89.2,89.5,94.1,63.3,90.7,88.6
"All Teeth Removed, 65+ - Yes",R,26.3,11.5,26.2,9.6,10.8,10.5,R,R,R,R
Alzheimers Care - No,85.9,72.2,79.5,N,85.0,85.9,84.1,67.1,81.8,87.4,81.3
Alzheimers Care - Yes,14.1,R,20.5,N,15.0,R,15.9,32.9,R,R,R
Any Cancer - No,94.0,87.2,89.0,87.6,83.9,90.4,89.6,92.2,94.7,94.2,93.1
Any Cancer - Yes,6.0,12.8,11.0,12.4,16.1,9.6,10.4,7.8,5.3,5.8,6.9
Any Drinking Past Month - No,58.3,62.5,47.8,55.8,53.9,52.1,42.3,47.4,49.5,50.3,54.7
Any Drinking Past Month - Yes,41.7,37.5,52.2,44.2,46.1,47.9,57.7,52.6,50.5,49.7,45.3
Arthritis - No,77.0,68.6,79.1,68.6,73.3,83.3,77.0,73.2,77.8,75.6,81.6
Arthritis - Yes,23.0,31.4,20.9,31.4,26.7,16.7,23.0,26.8,22.2,24.4,18.4
Asthma Status - Current,13.7,9.3,9.2,10.4,R,6.8,10.6,11.6,6.8,7.9,5.0
Asthma Status - Former,R,4.6,5.8,R,4.4,7.3,5.0,6.0,R,4.0,4.6
Asthma Status - Never,80.5,86.0,85.0,85.1,86.8,86.0,84.4,82.4,85.9,88.0,90.4
BMI 3 Categories - Obese,46.8,44.5,34.0,38.5,38.8,36.8,31.5,36.4,39.8,36.3,40.3
BMI 3 Categories - Overweight,31.5,25.6,36.2,36.1,37.4,30.6,34.3,34.9,38.5,39.0,32.8
BMI 3 Categories - Recommended Range,21.7,30.0,29.8,25.4,23.8,32.5,34.1,28.7,21.7,24.8,27.0
BMI 4 Categories - Obese,46.8,44.5,34.0,38.5,38.8,36.8,31.5,36.4,39.8,36.3,40.3
BMI 4 Categories - Overweight,31.5,25.6,36.2,36.1,37.4,30.6,34.3,34.9,38.5,39.0,32.8
BMI 4 Categories - Recommended Range,20.9,28.7,28.1,24.1,23.4,29.3,31.5,26.7,19.7,23.2,25.3
BMI 4 Categories - Underweight,R,R,1.7,R,R,3.2,2.6,R,R,R,R
BMI 5 Categories - Extremely Obese,12.8,R,5.8,10.8,R,5.0,6.0,5.9,R,5.4,9.5
BMI 5 Categories - Obese,34.0,33.6,28.2,27.6,32.2,31.8,25.6,30.5,33.9,30.9,30.7
BMI 5 Categories - Overweight,31.5,25.6,36.2,36.1,37.4,30.6,34.3,34.9,38.5,39.0,32.8
BMI 5 Categories - Recommended Range,20.9,28.7,28.1,24.1,23.4,29.3,31.5,26.7,19.7,23.2,25.3
BMI 5 Categories - Underweight,R,R,1.7,R,R,3.2,2.6,R,R,R,R
BP Location - At home,83.8,85.2,85.2,77.4,85.6,84.2,82.3,80.4,86.9,87.9,88.2
BP Location - Do not check it,9.1,7.9,7.7,R,R,R,9.3,R,R,R,R
BP Location - On a machine at pharmacy or store,R,R,7.1,R,R,R,8.4,12.8,R,R,R
BP Sharing - Do Not Share,10.7,R,7.3,R,R,9.5,7.6,5.3,R,R,R
"BP Sharing - Email, Portal, or Fax",6.0,5.0,13.6,R,R,R,18.3,13.3,R,R,R
BP Sharing - In Person,74.3,85.1,76.0,72.0,75.8,73.1,68.5,78.1,73.6,82.3,80.9
BP Sharing - Telephone,R,R,3.1,R,R,R,R,3.4,R,R,R
Binge Drinking - No,82.8,89.4,84.3,90.2,81.1,83.0,82.5,82.3,79.0,87.3,81.3
Binge Drinking - Yes,17.2,10.6,15.7,9.8,18.9,17.0,17.5,17.7,21.0,12.7,18.7
Binge-Heavy Drinking - Femal - No,88.2,94.7,81.7,N,81.4,80.6,81.7,76.8,80.4,88.0,81.9
Binge-Heavy Drinking - Femal - Yes,R,R,18.3,N,R,19.4,18.3,23.2,19.6,R,18.1
Blind - No,92.9,87.8,93.5,92.0,90.0,94.4,94.8,92.5,89.4,91.0,87.4
Blind - Yes,7.1,12.2,6.5,R,10.0,5.6,5.2,7.5,10.6,9.0,12.6
COPD - No,93.2,93.7,94.4,88.8,93.1,93.4,94.4,94.9,96.4,94.0,96.0
COPD - Yes,6.8,6.3,5.6,11.2,6.9,6.6,5.6,5.1,R,6.0,4.0
CVD - No,88.0,85.7,91.1,82.7,86.6,94.5,92.7,92.4,93.0,93.1,91.8
CVD - Yes,12.0,14.3,8.9,17.3,13.4,5.5,7.3,7.6,R,6.9,8.2
Cervical Cancer Screening - No,13.5,19.0,23.8,25.1,23.6,26.0,22.0,15.9,24.8,33.7,28.0
Cervical Cancer Screening - Yes,86.5,81.0,76.2,74.9,76.4,74.0,78.0,84.1,75.2,66.3,72.0
Cervical Cancer Screening HP - No,51.0,51.8,51.0,61.1,55.4,45.3,52.3,52.4,43.5,50.8,45.7
Cervical Cancer Screening HP - Yes,49.0,48.2,49.0,38.9,44.6,54.7,47.7,47.6,56.5,49.2,54.3
Cervical Cancer Screening Pa - No,R,R,4.4,R,R,8.9,4.7,6.1,R,R,R
Cervical Cancer Screening Pa - Yes,89.7,98.0,95.6,95.4,91.7,91.1,95.3,93.9,91.0,92.3,92.9
Chest CT or CAT Scan - No,61.0,54.4,60.9,46.8,57.0,64.5,61.4,55.6,60.4,60.9,62.3
Chest CT or CAT Scan - Yes,39.0,45.6,39.1,53.2,43.0,35.5,38.6,44.4,39.6,39.1,37.7
ClnscpySgmscpy - Both,12.1,11.1,13.4,16.6,24.2,12.2,13.7,14.4,R,12.5,20.8
ClnscpySgmscpy - Colonoscopy,87.6,88.6,86.0,83.3,75.5,87.8,86.3,84.6,82.0,86.3,77.9
ClnscpySgmscpy - Sigmoidoscopy,R,R,R,R,R,R,0.0,R,R,R,R
Cog Decline Discuss - No,59.3,40.4,56.8,N,43.1,59.1,55.7,53.1,N,N,59.6
Cog Decline Discuss - Yes,40.7,59.6,43.2,N,56.9,40.9,44.3,46.9,N,N,40.4
Cog Decline Worry - No,35.5,R,37.3,N,32.7,41.6,35.4,37.3,N,N,R
Cog Decline Worry - Yes,64.5,73.5,62.7,N,67.3,58.4,64.6,62.7,N,N,78.3
Col Past 10 Yrs 50-75 - No,40.4,37.0,37.4,39.5,49.5,41.8,30.9,35.7,42.2,35.7,49.0
Col Past 10 Yrs 50-75 - Yes,59.6,63.0,62.6,60.5,50.5,58.2,69.1,64.3,57.8,64.3,51.0
Col Past 10 Yrs 50-75 IA - No,40.7,37.3,37.4,38.6,48.9,42.1,30.6,35.7,42.2,38.3,49.0
Col Past 10 Yrs 50-75 IA - Yes,59.3,62.7,62.6,61.4,51.1,57.9,69.4,64.3,57.8,61.7,51.0
Coronary Heart Disease - No,94.9,92.4,96.1,93.0,94.7,97.1,96.0,96.5,98.1,96.9,95.6
Coronary Heart Disease - Yes,5.1,7.6,3.9,7.0,R,2.9,4.0,3.5,R,3.1,4.4
Current Asthma - No,29.4,33.3,38.7,N,R,51.8,32.2,33.9,51.3,33.8,47.6
Current Asthma - Yes,70.6,66.7,61.3,N,66.8,48.2,67.8,66.1,48.7,66.2,52.4
Current Asthma 2 - No,86.3,90.7,90.8,89.6,91.2,93.2,89.4,88.4,93.2,92.1,95.0
Current Asthma 2 - Yes,13.7,9.3,9.2,10.4,R,6.8,10.6,11.6,6.8,7.9,5.0
Current E-cig User - No,89.8,90.5,93.0,91.0,91.1,94.0,90.4,91.2,87.9,89.1,91.3
Current E-cig User - Yes,10.2,9.5,7.0,9.0,8.9,6.0,9.6,8.8,12.1,10.9,8.7
Current Smoker - No,86.4,88.7,92.7,82.7,84.4,88.8,90.5,92.4,80.0,87.5,89.7
Current Smoker - Yes,13.6,11.3,7.3,17.3,15.6,11.2,9.5,7.6,20.0,12.5,10.3
Deaf - No,91.8,90.3,93.7,91.1,91.6,95.2,94.1,92.9,90.8,92.5,90.8
Deaf - Yes,8.2,9.7,6.3,8.9,8.4,4.8,5.9,7.1,R,7.5,9.2
Dentist Visit Past Year - No,46.7,46.8,37.8,55.2,53.4,41.6,36.4,38.3,52.3,49.7,43.3
Dentist Visit Past Year - Yes,53.3,53.2,62.2,44.8,46.6,58.4,63.6,61.7,47.7,50.3,56.7
Depressive Disorder - No,83.1,75.3,78.1,75.1,72.7,82.4,74.6,72.6,82.9,76.9,80.8
Depressive Disorder - Yes,16.9,24.7,21.9,24.9,27.3,17.6,25.4,27.4,17.1,23.1,19.2
Diabetes - No,80.4,81.8,85.0,79.2,80.4,84.2,85.3,81.5,85.5,78.1,79.4
"Diabetes - No, borderline
or pre-diabetes",R,R,1.8,R,R,3.5,2.5,2.0,R,R,R
Diabetes - Yes,16.0,15.5,12.3,19.9,17.4,11.8,11.6,14.9,11.3,18.0,18.0
"Diabetes - Yes, but during pregnancy",R,R,0.9,R,R,R,R,1.6,R,R,R
Diabetes Affected Feet - No,84.3,90.1,92.9,N,84.2,89.6,91.0,94.4,79.8,89.2,94.7
Diabetes Affected Feet - Yes,R,R,R,N,R,R,R,R,R,R,R
Diabetes Age - 40 years or younger,N,N,N,N,N,N,N,N,N,N,N
Diabetes Age - 41 to 64,N,N,N,N,N,N,N,N,N,N,N
Diabetes Age - 65 years or older,N,N,N,N,N,N,N,N,N,N,N
Diabetes Education - No,R,R,R,N,R,R,R,R,R,R,R
Diabetes Education - Yes,R,R,11.4,N,R,R,R,12.0,R,R,R
Diabetes Eye Exam - 2 or more years,17.8,13.2,11.9,N,R,R,11.3,9.5,57.6,R,R
Diabetes Eye Exam - Never,0.0,0.0,0.0,N,0.0,0.0,0.0,0.0,0.0,0.0,0.0
Diabetes Eye Exam - Within the past 2 years,R,R,15.4,N,R,R,13.0,22.0,R,R,R
Diabetes Eye Exam - Within the past month,22.4,R,16.4,N,R,R,24.2,19.3,R,18.2,15.6
Diabetes Eye Exam - Within the past year,43.6,33.8,45.5,N,58.3,52.6,48.1,42.9,R,42.2,41.9
Diabetes Status - No,84.0,84.5,87.7,80.1,82.6,88.2,88.4,85.1,88.7,82.0,82.0
Diabetes Status - Yes,16.0,15.5,12.3,19.9,17.4,11.8,11.6,14.9,11.3,18.0,18.0
Diabetes Test - No,N,N,N,N,N,N,N,N,N,N,N
Diabetes Test - Yes,N,N,N,N,N,N,N,N,N,N,N
Diabetes Type - Type 1,R,R,10.9,N,R,R,R,9.0,R,R,R
Diabetes Type - Type 2,93.8,96.6,89.1,N,84.5,95.2,88.6,91.0,91.7,89.7,82.6
Difficulty Concentrating - No,83.2,83.0,85.8,87.4,84.8,85.2,86.7,84.0,86.0,81.0,82.7
Difficulty Concentrating - Yes,16.8,17.0,14.2,12.6,15.2,14.8,13.3,16.0,14.0,19.0,17.3
Difficulty Doing Errands Alo - No,91.5,88.6,92.3,91.0,92.3,92.6,94.7,90.5,91.0,89.4,88.7
Difficulty Doing Errands Alo - Yes,8.5,R,7.7,R,7.7,7.4,5.3,9.5,9.0,10.6,11.3
Difficulty Dressing - No,92.7,93.6,97.5,94.4,91.4,96.3,98.0,94.5,97.9,91.8,91.3
Difficulty Dressing - Yes,7.3,R,2.5,R,R,3.7,2.0,5.5,R,8.2,8.7
Difficulty Walking - No,84.0,80.4,87.8,82.5,81.5,88.1,89.9,85.7,84.5,77.4,86.5
Difficulty Walking - Yes,16.0,19.6,12.2,17.5,18.5,11.9,10.1,14.3,15.5,22.6,13.5
Disability Status - No,64.6,59.2,70.4,71.0,65.3,72.1,72.7,66.8,67.1,59.5,66.4
Disability Status - Yes,35.4,40.8,29.6,29.0,34.7,27.9,27.3,33.2,32.9,40.5,33.6
Dr Rx Pain Talk - No,33.8,41.8,38.8,35.8,36.1,51.2,37.9,40.9,R,52.7,50.7
Dr Rx Pain Talk - Yes,66.2,58.2,61.2,64.2,63.9,48.8,62.1,59.1,70.4,47.3,49.3
DurationClnscpySgmy - 5 or more years ago,N,N,N,N,N,N,N,N,N,N,N
DurationClnscpySgmy - Within the past 2 years,N,N,N,N,N,N,N,N,N,N,N
DurationClnscpySgmy - Within the past 3 years,N,N,N,N,N,N,N,N,N,N,N
DurationClnscpySgmy - Within the past 5 years,N,N,N,N,N,N,N,N,N,N,N
DurationClnscpySgmy - Within the past year,N,N,N,N,N,N,N,N,N,N,N
DurationHomeBloodStoolTest - 5 or more years ago,R,20.9,13.8,N,R,R,21.6,15.5,N,R,R
DurationHomeBloodStoolTest - Within the past 2 years,R,14.5,25.6,N,42.3,R,13.7,20.4,N,19.8,R
DurationHomeBloodStoolTest - Within the past 3 years,R,R,10.4,N,R,R,R,R,N,R,R
DurationHomeBloodStoolTest - Within the past 5 years,R,R,10.8,N,R,R,R,R,N,R,R
DurationHomeBloodStoolTest - Within the past year,46.5,36.8,39.4,N,32.6,44.4,43.7,43.2,N,43.7,61.1
E-Cig Ever - Every day,6.3,R,3.8,R,R,3.5,5.5,4.8,7.1,R,R
E-Cig Ever - Never used e-cigarettes,71.2,71.4,75.8,69.6,70.5,75.0,71.1,72.8,59.6,75.6,68.9
E-Cig Ever - Not at all (right now),18.5,19.1,17.2,21.3,20.6,19.0,19.3,18.4,28.2,13.5,22.3
E-Cig Ever - Some days,4.0,4.4,3.2,R,R,2.5,4.1,4.0,5.0,6.1,6.2
E-Cig Status - Current e-cig user - Every day,6.3,R,3.8,R,R,3.5,5.5,4.8,7.1,R,R
E-Cig Status - Current e-cig user - Some days,4.0,4.4,3.2,R,R,2.5,4.1,4.0,5.0,6.1,6.2
E-Cig Status - Former e-cig user,18.5,19.1,17.2,21.3,20.6,19.0,19.3,18.4,28.2,13.5,22.3
E-Cig Status - Never used e-cigs,71.2,71.4,75.8,69.6,70.5,75.0,71.1,72.8,59.6,75.6,68.9
Ever Had Blood Stool Test - No,14.5,11.3,14.5,R,R,16.0,11.5,16.2,R,17.5,R
Ever Had Blood Stool Test - Yes,85.5,88.7,85.5,85.2,71.9,84.0,88.5,83.8,55.3,82.5,79.8
Ever Had HIV Test - No,63.5,62.0,58.7,62.4,55.7,51.2,60.4,59.1,54.2,60.7,60.4
Ever Had HIV Test - Yes,36.5,38.0,41.3,37.6,44.3,48.8,39.6,40.9,45.8,39.3,39.6
Ever Had Sgmscpy-clnscpy - No,34.3,29.9,30.0,32.2,39.7,36.1,25.0,26.9,35.1,31.5,39.0
Ever Had Sgmscpy-clnscpy - Yes,65.7,70.1,70.0,67.8,60.3,63.9,75.0,73.1,64.9,68.5,61.0
Ever Smoked - No,59.3,62.9,70.7,55.1,62.2,67.5,66.4,68.7,49.7,67.0,69.6
Ever Smoked - Yes,40.7,37.1,29.3,44.9,37.8,32.5,33.6,31.3,50.3,33.0,30.4
Ever Told High BP - No,62.4,52.5,62.0,50.8,57.7,64.4,65.2,62.5,68.5,62.3,68.0
"Ever Told High BP - No, borderline
or pre-diabetes",R,R,0.7,0.0,R,R,R,R,R,R,R
Ever Told High BP - Yes,34.1,44.7,35.2,48.8,41.9,33.5,33.2,35.2,29.1,36.3,30.3
"Ever Told High BP - Yes, but during pregnancy",R,R,2.1,R,R,R,R,R,R,R,R
FOBT Past Yr - No,89.7,90.2,90.7,87.2,92.4,90.6,89.9,90.6,91.8,87.5,85.1
FOBT Past Yr - Yes,R,9.8,9.3,R,7.6,9.4,10.1,9.4,R,12.5,R
FOBT Past Yr IA - No,89.9,90.3,90.9,87.2,92.3,90.7,90.2,90.7,91.8,88.1,85.2
FOBT Past Yr IA - Yes,R,9.7,9.1,R,7.7,9.3,9.8,9.3,R,11.9,R
Fair or Poor Health - Fair or Poor Health,24.8,27.4,20.1,21.0,23.6,18.2,18.3,22.9,26.3,25.3,28.7
Fair or Poor Health - Good or Better Health,75.2,72.6,79.9,79.0,76.4,81.8,81.7,77.1,73.7,74.7,71.3
Flu Shot in Past Year - No,66.4,62.6,61.5,74.6,74.4,63.8,58.7,62.0,75.5,58.9,68.0
Flu Shot in Past Year - Yes,33.6,37.4,38.5,25.4,25.6,36.2,41.3,38.0,24.5,41.1,32.0
"Flu Shot, 18-64 - No",71.5,67.6,66.9,82.1,83.3,67.7,64.3,67.1,79.1,68.1,73.1
"Flu Shot, 18-64 - Yes",28.5,32.4,33.1,17.9,16.7,32.3,35.7,32.9,20.9,31.9,26.9
"Flu Shot, 65+ - No",46.9,50.9,36.5,56.8,45.8,47.6,35.0,41.3,54.4,33.9,44.0
"Flu Shot, 65+ - Yes",53.1,49.1,63.5,43.2,54.2,52.4,65.0,58.7,45.6,66.1,56.0
"Flu Vaccine Location - Canada
Mexico",.,.,.,.,.,.,.,.,.,.,.
"Flu Vaccine Location - Clinic
Health center",R,R,6.7,R,R,7.2,8.5,7.8,R,12.8,R
"Flu Vaccine Location - Doctor's office
HMO",33.3,22.4,26.0,25.1,24.9,22.0,27.2,22.3,34.2,28.5,37.6
Flu Vaccine Location - Emergency room,0.0,R,R,0.0,0.0,R,0.0,0.0,0.0,0.0,0.0
Flu Vaccine Location - Health department,R,R,R,0.0,R,R,R,R,0.0,R,R
Flu Vaccine Location - Hospital,R,R,6.6,R,R,R,7.1,R,R,R,R
Flu Vaccine Location - Other,R,R,2.4,0.0,R,R,R,R,R,R,R
Flu Vaccine Location - School,.,.,.,.,.,.,.,.,.,.,.
"Flu Vaccine Location - Senior
Recreation
Community center",R,R,R,0.0,R,R,R,R,R,R,0.0
Flu Vaccine Location - Store,27.5,38.4,49.9,53.1,46.3,49.8,45.8,50.7,23.5,41.6,37.9
Flu Vaccine Location - Workplace,R,4.1,5.7,R,R,R,5.8,6.5,R,R,R
Frequency of Smoking - Every day,24.4,18.7,15.8,23.5,22.4,23.3,20.6,15.6,30.5,17.9,12.9
Frequency of Smoking - Not at all,66.5,69.5,75.2,61.5,58.5,65.6,71.6,75.5,60.1,62.1,65.9
Frequency of Smoking - Some days,9.0,R,9.0,R,R,11.1,7.8,8.9,9.4,20.0,21.2
General Health - Excellent,11.1,7.4,16.2,17.9,16.0,17.3,16.0,16.5,15.8,12.8,12.3
General Health - Fair,20.2,18.0,15.9,13.7,14.5,14.0,14.7,18.3,18.9,20.9,21.3
General Health - Good,35.0,34.1,36.1,30.9,33.1,37.2,34.7,33.9,30.4,35.1,31.1
General Health - Poor,R,R,4.2,7.3,R,4.2,3.7,4.6,R,4.5,7.4
General Health - Very Good,29.2,31.1,27.6,30.2,27.3,27.3,30.9,26.7,27.5,26.8,27.9
Given Up Day-to-Day Activiti - Always,35.8,27.7,38.6,N,58.6,R,33.6,47.0,N,N,N
Given Up Day-to-Day Activiti - Never,0.0,0.0,0.0,N,0.0,0.0,0.0,0.0,N,N,N
Given Up Day-to-Day Activiti - Rarely,0.0,0.0,0.0,N,0.0,0.0,0.0,0.0,N,N,N
Given Up Day-to-Day Activiti - Sometimes,0.0,0.0,0.0,N,0.0,0.0,0.0,0.0,N,N,N
Given Up Day-to-Day Activiti - Usually,64.2,72.3,61.4,N,41.4,74.2,66.4,53.0,N,N,N
HIV Risk Behavior - No,96.1,94.2,94.2,97.1,93.2,92.9,92.7,93.7,92.5,91.4,95.3
HIV Risk Behavior - Yes,3.9,R,5.8,R,R,7.1,7.3,6.3,7.5,8.6,4.7
HIV-AIDS Test - No,63.5,62.0,58.7,62.4,55.7,51.2,60.4,59.1,54.2,60.7,60.4
HIV-AIDS Test - Yes,36.5,38.0,41.3,37.6,44.3,48.8,39.6,40.9,45.8,39.3,39.6
HPV Test Past 5 Yrs 21-65 - No,56.0,46.4,60.2,N,61.8,56.1,58.5,60.3,57.7,66.8,61.4
HPV Test Past 5 Yrs 21-65 - Yes,44.0,53.6,39.8,N,38.2,43.9,41.5,39.7,42.3,33.2,38.6
HPV Test Past 5 Yrs 21-65 IA - No,56.1,46.2,60.4,N,62.3,56.2,58.8,60.2,57.7,69.5,61.4
HPV Test Past 5 Yrs 21-65 IA - Yes,43.9,53.8,39.6,N,37.7,43.8,41.2,39.8,42.3,30.5,38.6
Have At Least One Personal D - No,23.7,13.8,20.3,17.2,24.4,28.8,19.0,20.2,26.4,24.4,29.8
Have At Least One Personal D - Yes,76.3,86.2,79.7,82.8,75.6,71.2,81.0,79.8,73.6,75.6,70.2
Health Care Coverage - No,14.6,8.6,13.7,16.5,16.8,17.7,9.8,11.6,14.7,15.4,23.8
Health Care Coverage - Yes,85.4,91.4,86.3,83.5,83.2,82.3,90.2,88.4,85.3,84.6,76.2
Health Care Coverage Age 18- - No,18.4,12.4,16.9,23.0,20.4,21.6,11.4,14.5,17.2,20.1,28.5
Health Care Coverage Age 18- - Yes,81.6,87.6,83.1,77.0,79.6,78.4,88.6,85.5,82.8,79.9,71.5
Health Care Provider - More than one,25.9,31.7,33.9,31.8,24.2,29.8,36.5,33.6,25.2,24.7,22.6
Health Care Provider - No,23.7,13.8,20.3,17.2,24.4,28.8,19.0,20.2,26.4,24.4,29.8
"Health Care Provider - Yes, only one",50.3,54.6,45.8,51.0,51.4,41.4,44.5,46.1,48.4,50.9,47.6
Heart Attack - No,95.1,93.0,96.6,90.1,94.2,97.2,96.4,96.3,95.4,95.9,94.3
Heart Attack - Yes,4.9,7.0,3.4,9.9,R,2.8,3.6,3.7,R,4.1,5.7
Heart Disease - No,91.7,90.6,94.2,87.2,92.0,95.6,94.6,94.6,94.1,94.6,92.8
Heart Disease - Yes,8.3,9.4,5.8,12.8,8.0,4.4,5.4,5.4,R,5.4,7.2
Heated TBCO Products - No,93.4,90.2,87.2,83.0,89.7,88.9,88.5,88.8,92.8,86.8,88.7
Heated TBCO Products - Yes,6.6,9.8,12.8,17.0,10.3,11.1,11.5,11.2,7.2,13.2,11.3
Heavy Drinking - Females - No,97.8,97.9,93.2,94.6,97.4,95.5,92.8,92.3,93.1,98.6,96.8
Heavy Drinking - Females - Yes,R,R,6.8,R,R,R,7.2,7.7,R,R,R
Heavy Drinking - Males - No,93.7,95.4,95.2,95.3,89.1,89.4,92.7,89.7,94.9,93.9,97.8
Heavy Drinking - Males - Yes,6.3,4.6,4.8,R,R,10.6,7.3,10.3,R,6.1,R
Heavy Drinking - No,95.9,96.7,94.2,94.9,93.1,92.5,92.8,91.0,94.1,96.1,97.3
Heavy Drinking - Yes,4.1,3.3,5.8,R,R,7.5,7.2,9.0,5.9,3.9,R
Hlth Affected Activ 14+ Days - 14 or more days,11.1,11.2,8.9,10.8,13.3,8.9,8.8,10.9,9.8,12.7,12.2
Hlth Affected Activ 14+ Days - None to less than 14 days,88.9,88.8,91.1,89.2,86.7,91.1,91.2,89.1,90.2,87.3,87.8
Hlth Affected Activ 5+ Days - 5 or more days,19.0,20.6,17.4,19.8,24.9,14.8,19.1,22.1,16.3,22.4,21.6
Hlth Affected Activ 5+ Days - None to less than 5 days,81.0,79.4,82.6,80.2,75.1,85.2,80.9,77.9,83.7,77.6,78.4
Home BP Check - No,21.6,9.5,17.9,R,17.9,24.1,23.2,23.1,16.4,23.3,19.3
Home BP Check - Yes,78.4,90.5,82.1,84.0,82.1,75.9,76.8,76.9,83.6,76.7,80.7
Hysterectomy - No,81.1,68.1,76.4,71.4,64.6,80.5,83.0,80.0,71.9,80.8,74.2
Hysterectomy - Yes,18.9,31.9,23.6,28.6,35.4,19.5,17.0,20.0,28.1,19.2,25.8
Insulin - No,72.9,62.6,70.0,N,75.2,68.9,71.9,70.9,82.0,71.7,68.8
Insulin - Yes,27.1,37.4,30.0,N,R,31.1,28.1,29.1,R,28.3,31.2
Interfere w Social Act - Always,22.6,R,35.5,N,49.6,R,18.9,37.3,N,N,N
Interfere w Social Act - Never,0.0,0.0,0.0,N,0.0,0.0,0.0,0.0,N,N,N
Interfere w Social Act - Rarely,0.0,0.0,0.0,N,0.0,0.0,0.0,0.0,N,N,N
Interfere w Social Act - Sometimes,0.0,0.0,0.0,N,0.0,0.0,0.0,0.0,N,N,N
Interfere w Social Act - Usually,77.4,72.0,64.5,N,50.4,81.4,81.1,62.7,N,N,N
Kidney Disease - No,96.5,92.7,96.0,94.6,95.9,97.4,95.7,95.9,95.1,94.6,93.0
Kidney Disease - Yes,3.5,R,4.0,5.4,4.1,2.6,4.3,4.1,R,R,7.0
Last Dentist Visit - 5 or more years,17.1,20.1,10.3,25.6,15.5,12.8,12.0,11.9,16.7,12.7,11.9
Last Dentist Visit - Never,R,R,1.6,R,R,R,R,R,R,R,R
Last Dentist Visit - Within the past 2 years,16.8,7.0,13.1,14.8,20.0,15.5,11.7,11.7,12.7,21.0,13.4
Last Dentist Visit - Within the past 5 years,9.9,19.3,12.9,14.4,16.9,12.6,12.2,12.9,22.0,14.1,13.0
Last Dentist Visit - Within the past year,53.3,53.2,62.2,44.8,46.6,58.4,63.6,61.7,47.7,50.3,56.7
Last Smoked - 10+ years,51.9,44.5,53.6,56.4,67.0,44.2,52.9,49.0,37.8,56.7,37.4
Last Smoked - Never smoked regularly,R,R,R,0.0,0.0,0.0,0.0,0.0,0.0,0.0,0.0
Last Smoked - Within past 10 years,10.0,10.2,14.3,R,R,12.0,17.3,11.5,R,R,28.6
Last Smoked - Within past 3 months,R,R,R,R,R,R,R,R,R,R,R
Last Smoked - Within past 5 years,25.1,39.7,17.2,R,R,32.9,18.3,20.2,36.9,22.5,22.2
Last Smoked - Within past 6 months,R,R,R,R,0.0,R,R,R,R,R,R
Last Smoked - Within past month,R,R,4.9,R,R,R,R,R,R,R,R
Last Smoked - Within past year,R,R,R,R,R,R,R,R,R,R,R
Leftover Pain Meds - No,57.2,64.7,59.1,N,60.5,55.5,47.1,54.7,71.4,62.0,52.7
Leftover Pain Meds - Yes,42.8,35.3,40.9,N,39.5,44.5,52.9,45.3,R,38.0,47.3
Leisure Time PA - No,25.1,29.2,23.0,28.1,30.8,25.6,20.7,22.9,24.1,29.6,30.2
Leisure Time PA - Yes,74.9,70.8,77.0,71.9,69.2,74.4,79.3,77.1,75.9,70.4,69.8
Lifetime Asthma - No,78.9,85.4,84.7,84.7,86.8,85.4,84.0,82.2,84.9,88.0,89.9
Lifetime Asthma - Yes,21.1,14.6,15.3,15.3,13.2,14.6,16.0,17.8,15.1,12.0,10.1
Mammogram - No,46.4,32.1,37.3,35.2,36.5,34.3,32.6,28.9,48.2,39.9,43.4
Mammogram - Yes,53.6,67.9,62.7,64.8,63.5,65.7,67.4,71.1,51.8,60.1,56.6
Mammogram Past 2 Yrs 40+ - No,42.7,37.4,26.3,30.2,33.6,24.8,30.1,34.8,37.6,33.2,22.2
Mammogram Past 2 Yrs 40+ - Yes,57.3,62.6,73.7,69.8,66.4,75.2,69.9,65.2,62.4,66.8,77.8
Mammogram Past 2 Yrs 40+ IA - No,42.9,36.9,26.4,30.2,33.2,25.4,29.7,34.5,37.6,37.6,22.2
Mammogram Past 2 Yrs 40+ IA - Yes,57.1,63.1,73.6,69.8,66.8,74.6,70.3,65.5,62.4,62.4,77.8
Mammogram Past 2 Yrs 50+ - No,36.1,33.2,22.3,29.0,24.3,18.9,28.6,29.3,35.3,26.8,23.7
Mammogram Past 2 Yrs 50+ - Yes,63.9,66.8,77.7,71.0,75.7,81.1,71.4,70.7,64.7,73.2,76.3
Mammogram Past 2 Yrs 50+ IA - No,36.3,32.7,22.8,29.0,24.0,19.0,28.3,28.8,35.3,32.9,23.7
Mammogram Past 2 Yrs 50+ IA - Yes,63.7,67.3,77.2,71.0,76.0,81.0,71.7,71.2,64.7,67.1,76.3
Mammogram Past 2 Yrs 50-74 - No,38.5,31.8,20.5,27.7,R,15.6,27.0,26.3,43.0,17.3,22.0
Mammogram Past 2 Yrs 50-74 - Yes,61.5,68.2,79.5,72.3,78.8,84.4,73.0,73.7,57.0,82.7,78.0
Mammogram Past 2 Yrs 50-74 I - No,38.8,31.2,21.2,27.7,R,15.7,26.8,25.7,43.0,R,22.0
Mammogram Past 2 Yrs 50-74 I - Yes,61.2,68.8,78.8,72.3,79.3,84.3,73.2,74.3,57.0,73.9,78.0
Medical Cost - No,80.0,79.1,83.4,78.4,81.9,82.7,87.0,81.4,83.2,80.1,83.1
Medical Cost - Yes,20.0,20.9,16.6,21.6,18.1,17.3,13.0,18.6,16.8,19.9,16.9
Memory Loss - No,90.5,82.9,84.6,81.5,75.9,87.8,81.4,83.6,81.5,83.4,84.9
Memory Loss - Yes,9.5,17.1,15.4,18.5,24.1,12.2,18.6,16.4,R,16.6,15.1
Menthol Cig - No,63.3,84.9,72.0,N,52.7,48.2,70.3,69.4,70.0,N,48.1
Menthol Cig - Yes,36.7,R,28.0,N,47.3,51.8,29.7,30.6,30.0,N,51.9
Menthol E-Cig - No,74.0,77.8,75.4,N,N,76.3,75.9,71.0,N,N,N
Menthol E-Cig - Yes,R,R,24.6,N,N,R,24.1,29.0,N,N,N
Obese - No,53.2,55.5,66.0,61.5,61.2,63.2,68.5,63.6,60.2,63.7,59.7
Obese - Yes,46.8,44.5,34.0,38.5,38.8,36.8,31.5,36.4,39.8,36.3,40.3
Other Cancer - No,95.8,89.9,91.8,91.9,88.7,92.5,93.2,94.2,96.3,94.9,95.0
Other Cancer - Yes,4.2,10.1,8.2,8.1,11.3,7.5,6.8,5.8,R,5.1,5.0
OtherStoolTest - No,59.9,67.3,74.1,N,78.6,71.5,66.4,76.7,93.8,65.3,62.9
OtherStoolTest - Yes,40.1,32.7,25.9,N,21.4,28.5,33.6,23.3,R,34.7,37.1
Overweight or Obese - No,21.7,30.0,29.8,25.4,23.8,32.5,34.1,28.7,21.7,24.8,27.0
Overweight or Obese - Yes,78.3,70.0,70.2,74.6,76.2,67.5,65.9,71.3,78.3,75.2,73.0
Pain Med Not Rx - No,93.1,98.5,97.1,99.2,90.7,96.5,96.5,96.1,94.1,92.1,94.5
Pain Med Not Rx - Yes,R,R,2.9,R,R,3.5,3.5,3.9,R,7.9,5.5
Pap - HPV Test Past 5 Yrs 21 - No,65.6,46.5,61.0,N,62.7,57.8,60.3,62.5,57.7,66.8,62.2
Pap - HPV Test Past 5 Yrs 21 - Yes,34.4,53.5,39.0,N,37.3,42.2,39.7,37.5,42.3,33.2,37.8
Pap - HPV Test Past 5 Yrs 21 2 - No,65.7,46.3,61.2,N,63.2,58.0,60.7,62.4,57.7,69.5,62.2
Pap - HPV Test Past 5 Yrs 21 2 - Yes,34.3,53.7,38.8,N,36.8,42.0,39.3,37.6,42.3,30.5,37.8
Pap Test Past 3 Yrs 21-65 - No,37.2,28.4,35.2,N,47.5,37.6,30.7,30.6,33.5,44.9,35.6
Pap Test Past 3 Yrs 21-65 - Yes,62.8,71.6,64.8,N,52.5,62.4,69.3,69.4,66.5,55.1,64.4
Pap Test Past 3 Yrs 21-65 IA - No,37.4,28.3,35.4,N,47.3,37.6,31.0,30.5,33.5,49.0,35.6
Pap Test Past 3 Yrs 21-65 IA - Yes,62.6,71.7,64.6,N,52.7,62.4,69.0,69.5,66.5,51.0,64.4
Pap Test Past 5 Yrs 21-65 - No,R,20.8,27.9,N,30.1,33.8,24.8,23.3,28.4,37.5,34.8
Pap Test Past 5 Yrs 21-65 - Yes,73.3,79.2,72.1,N,69.9,66.2,75.2,76.7,71.6,62.5,65.2
Pap Test Past 5 Yrs 21-65 IA - No,R,20.8,28.1,N,30.1,33.8,25.2,23.2,28.4,42.1,34.8
Pap Test Past 5 Yrs 21-65 IA - Yes,73.2,79.2,71.9,N,69.9,66.2,74.8,76.8,71.6,57.9,65.2
"Pneumonia Shot, 18+ - No",67.5,61.5,66.5,61.1,70.7,69.6,64.6,68.4,74.8,67.4,74.8
"Pneumonia Shot, 18+ - Yes",32.5,38.5,33.5,38.9,29.3,30.4,35.4,31.6,25.2,32.6,25.2
"Pneumonia Shot, 65+ - No",27.3,26.3,26.8,32.1,30.6,30.4,25.0,34.4,61.5,39.5,34.0
"Pneumonia Shot, 65+ - Yes",72.7,73.7,73.2,67.9,69.4,69.6,75.0,65.6,38.5,60.5,66.0
Poor Mental Health 14+ Days - 14 or more days,11.2,17.3,16.0,16.0,23.3,13.3,16.3,18.2,12.0,16.4,17.5
Poor Mental Health 14+ Days - None to less than 14 days,88.8,82.7,84.0,84.0,76.7,86.7,83.7,81.8,88.0,83.6,82.5
Poor Mental Health 5+ Days - 5 or more days,31.4,29.8,30.6,29.3,33.3,28.4,31.8,34.6,21.8,27.2,33.7
Poor Mental Health 5+ Days - None to less than 5 days,68.6,70.2,69.4,70.7,66.7,71.6,68.2,65.4,78.2,72.8,66.3
Poor Physical Health 14+ Day - 14 or more days,13.1,17.7,12.1,11.3,13.8,11.0,11.8,14.8,15.2,14.0,11.8
Poor Physical Health 14+ Day - None to less than 14 days,86.9,82.3,87.9,88.7,86.2,89.0,88.2,85.2,84.8,86.0,88.2
Poor Physical Health 5+ Days - 5 or more days,27.6,25.1,21.2,21.8,23.5,20.8,22.1,25.2,21.6,25.2,22.8
Poor Physical Health 5+ Days - None to less than 5 days,72.4,74.9,78.8,78.2,76.5,79.2,77.9,74.8,78.4,74.8,77.2
Pre-Diabetes - No,84.6,86.9,83.7,84.8,84.1,80.9,82.6,79.1,86.5,79.1,80.0
Pre-Diabetes - Yes,11.6,12.7,15.4,14.7,12.6,18.3,16.0,19.3,12.8,19.1,19.0
"Pre-Diabetes - Yes, during pregnancy",R,R,R,R,R,R,R,R,R,R,R
Pre-Diabetes 2 - No,88.7,89.4,86.6,89.0,90.0,84.0,85.9,83.8,88.4,84.6,84.8
Pre-Diabetes 2 - Yes,11.3,10.6,13.4,11.0,10.0,16.0,14.1,16.2,11.6,15.4,15.2
Provided Care Past 30 Days - No,78.3,70.2,82.0,76.0,78.2,76.5,80.4,78.2,80.6,76.8,79.9
Provided Care Past 30 Days - Yes,21.7,29.7,17.9,23.8,21.0,23.5,19.5,21.7,18.7,23.2,19.8
Quit Smoking in Past Yr - No,51.1,43.1,39.6,N,50.0,49.1,55.5,44.0,R,N,36.9
Quit Smoking in Past Yr - Yes,48.9,56.9,60.4,N,50.0,50.9,44.5,56.0,73.0,N,63.1
Reg BP Check - No,31.9,25.5,27.6,35.7,26.2,35.1,32.5,33.0,25.5,27.1,21.5
Reg BP Check - Yes,68.1,74.5,72.4,64.3,73.8,64.9,67.5,67.0,74.5,72.9,78.5
RemoveTeeth - 1 to 5,28.0,27.6,27.7,23.9,30.5,29.6,24.7,31.1,28.7,30.7,27.5
"RemoveTeeth - 6 or More, but not all",12.2,11.9,6.3,14.2,11.4,5.6,8.1,4.8,4.3,7.4,7.2
RemoveTeeth - All,4.1,10.8,3.3,9.7,R,2.8,3.2,R,R,3.3,R
RemoveTeeth - None,0.0,0.0,0.0,0.0,0.0,0.0,0.0,0.0,0.0,0.0,0.0
Routine Checkup - 5 or more years,4.3,3.7,4.9,9.4,R,6.6,5.5,6.6,12.3,5.1,3.5
Routine Checkup - Never,R,R,0.8,R,R,R,R,R,R,R,R
Routine Checkup - Within the past 2 years,14.3,9.8,10.3,10.9,8.7,13.0,10.5,9.4,7.0,10.5,12.1
Routine Checkup - Within the past 5 years,R,6.7,7.2,R,R,7.7,6.6,6.1,2.9,10.7,8.9
Routine Checkup - Within the past year,73.7,79.3,76.8,73.1,77.2,72.2,77.0,76.9,76.6,73.1,73.8
Routine Checkup in the Past  - No,26.3,20.7,23.2,26.9,22.8,27.8,23.0,23.1,23.4,26.9,26.2
Routine Checkup in the Past  - Yes,73.7,79.3,76.8,73.1,77.2,72.2,77.0,76.9,76.6,73.1,73.8
Rx Opioid - No,80.8,82.6,87.7,82.4,85.6,90.5,87.9,87.9,88.9,89.7,93.0
Rx Opioid - Yes,19.2,17.4,12.3,17.6,14.4,9.5,12.1,12.1,R,10.3,7.0
Rx Pain Med - No,75.1,77.0,80.9,78.9,79.1,83.1,80.3,80.1,86.8,80.2,86.0
Rx Pain Med - Yes,24.9,23.0,19.1,21.1,20.9,16.9,19.7,19.9,R,19.8,14.0
RxPainRiskEd Source - No,40.5,52.8,43.1,46.8,39.9,48.8,41.4,48.4,56.8,53.3,52.9
RxPainRiskEd Source - Yes,59.5,47.2,56.9,53.2,60.1,51.2,58.6,51.6,R,46.7,47.1
Served on Active Duty - No,92.8,86.2,89.9,87.1,86.4,92.0,85.2,83.1,85.4,86.4,92.3
Served on Active Duty - Yes,7.2,13.8,10.1,12.9,13.6,8.0,14.8,16.9,14.6,13.6,7.7
SexualOrientation - Bisexual,3.5,2.3,4.7,R,R,3.4,6.8,5.7,R,R,R
SexualOrientation - Lesbian or Gay,R,R,3.0,R,R,R,2.5,2.7,R,R,R
SexualOrientation - Something Else,R,R,2.1,R,R,R,3.0,2.3,R,R,R
SexualOrientation - Straight,93.2,94.8,90.2,95.3,92.5,91.0,87.6,89.3,94.8,91.3,91.9
Sigm Past 10 Yrs 50-75 IA - No,84.0,85.8,87.2,77.2,84.1,85.5,78.0,77.3,86.5,83.3,83.0
Sigm Past 10 Yrs 50-75 IA - Yes,R,R,12.8,R,R,14.5,22.0,22.7,R,16.7,R
Sigm Past 10 Yrs Age 50-75 - No,83.9,85.7,87.2,77.4,84.1,85.3,77.8,76.8,86.5,82.3,82.8
Sigm Past 10 Yrs Age 50-75 - Yes,R,R,12.8,R,R,14.7,22.2,23.2,R,17.7,R
Sigm Past 5 Yrs 50-75 IA - No,90.1,87.5,88.4,80.8,85.4,89.2,80.6,80.8,89.2,86.6,84.7
Sigm Past 5 Yrs 50-75 IA - Yes,9.9,R,11.6,R,R,10.8,19.4,19.2,R,R,R
Sigm Past 5 Yrs Age 50-75 - No,90.0,87.4,88.5,81.0,85.4,89.1,80.4,80.4,89.2,84.9,84.6
Sigm Past 5 Yrs Age 50-75 - Yes,10.0,R,11.5,R,R,10.9,19.6,19.6,R,R,R
Sigm and Blood Stool 50-75 I - No,99.7,99.8,98.7,N,97.4,98.0,97.3,96.9,98.2,99.4,91.7
Sigm and Blood Stool 50-75 I - Yes,R,R,R,N,R,R,R,R,R,R,R
Sigm and Blood Stool Age 50- - No,99.7,99.8,98.7,N,97.4,98.0,97.3,96.8,98.2,99.3,91.6
Sigm and Blood Stool Age 50- - Yes,R,R,R,N,R,R,R,R,R,R,R
Skin Cancer - No,97.4,95.4,95.7,93.1,91.8,96.4,94.0,96.5,96.8,98.7,97.4
Skin Cancer - Yes,2.6,4.6,4.3,6.9,8.2,3.6,6.0,3.5,R,R,2.6
Smokeless Tobacco Use - Every day,3.6,3.1,1.3,R,R,R,2.2,R,R,R,R
Smokeless Tobacco Use - Not at all,91.9,96.0,98.0,93.5,94.8,97.9,96.5,96.6,86.2,97.6,95.3
Smokeless Tobacco Use - Some days,R,R,0.7,R,R,R,1.2,1.4,2.4,R,R
Smoker Status - Current smoker - every day,9.9,6.9,4.6,10.5,8.4,7.6,6.9,4.9,15.3,R,3.9
Smoker Status - Current smoker - some days,3.7,R,2.6,R,R,3.6,2.6,2.8,4.7,R,6.4
Smoker Status - Former smoker,27.0,25.7,22.0,27.6,22.0,21.3,24.0,23.5,30.2,20.5,19.9
Smoker Status - Never smoked,59.4,63.0,70.7,55.1,62.5,67.5,66.5,68.8,49.8,67.0,69.8
Stool DNA Past 3 Yrs 50-75 I - No,92.6,94.5,94.6,87.4,95.5,94.7,94.9,95.1,98.8,92.1,90.9
Stool DNA Past 3 Yrs 50-75 I - Yes,R,R,5.4,R,4.5,5.3,5.1,4.9,R,7.9,R
Stool DNA Past 3 Yrs Age 50- - No,92.5,94.8,94.5,87.4,95.4,94.6,94.8,95.1,98.8,91.7,90.8
Stool DNA Past 3 Yrs Age 50- - Yes,R,R,5.5,R,4.6,5.4,5.2,4.9,R,8.3,R
Stroke - No,94.9,93.7,95.9,93.1,91.0,98.2,97.4,97.0,96.6,97.7,97.8
Stroke - Yes,R,R,4.1,6.9,R,R,2.6,3.0,R,2.3,R
Suicidal Ideation - No,97.5,95.9,95.7,94.0,96.4,97.4,96.6,96.4,96.6,95.4,96.4
Suicidal Ideation - Yes,2.5,R,4.3,R,R,2.6,3.4,3.6,3.4,R,R
Suicide Attempt - No,99.7,100.0,99.2,97.0,99.5,99.7,98.8,99.4,99.3,99.1,100.0
Suicide Attempt - Yes,R,R,R,R,R,R,R,R,R,R,R
Teeth Removed - No,55.6,49.8,62.7,52.2,53.3,62.1,63.9,61.2,60.4,58.6,62.6
Teeth Removed - Yes,44.4,50.2,37.3,47.8,46.7,37.9,36.1,38.8,39.6,41.4,37.4
Transgender - No,R,R,R,0.0,R,R,R,0.0,R,R,R
Transgender - Yes,R,R,R,R,R,R,R,R,R,R,R
Up-To-Date CRC Scrn 50-75 IA - No,32.8,29.8,29.3,27.0,37.1,34.1,22.6,26.1,37.6,29.5,39.3
Up-To-Date CRC Scrn 50-75 IA - Yes,67.2,70.2,70.7,73.0,62.9,65.9,77.4,73.9,62.4,70.5,60.7
Up-To-Date CRC Scrn Age 50-7 - No,32.4,29.8,29.2,27.7,37.6,33.8,22.7,25.9,37.6,26.5,39.2
Up-To-Date CRC Scrn Age 50-7 - Yes,67.6,70.2,70.8,72.3,62.4,66.2,77.3,74.1,62.4,73.5,60.8
Up-To-Date Cervical Cancer S - No,39.9,29.5,34.3,N,36.9,39.2,29.7,28.4,34.0,45.0,38.3
Up-To-Date Cervical Cancer S - Yes,60.1,70.5,65.7,N,63.1,60.8,70.3,71.6,66.0,55.0,61.7
Up-To-Date Cervical Cancer S 2 - No,40.0,29.4,34.5,N,36.8,39.1,30.1,28.3,34.0,49.3,38.3
Up-To-Date Cervical Cancer S 2 - Yes,60.0,70.6,65.5,N,63.2,60.9,69.9,71.7,66.0,50.7,61.7
V Col 5 Yrs 50-75 IA - No,96.9,98.1,97.0,92.8,92.2,97.0,97.6,96.4,92.8,95.7,95.1
V Col 5 Yrs 50-75 IA - Yes,R,R,3.0,R,R,R,R,R,R,R,R
V Col 5 Yrs Age 50-75 - No,96.9,98.1,96.9,92.8,92.3,97.0,97.7,96.3,92.8,95.5,95.1
V Col 5 Yrs Age 50-75 - Yes,R,R,3.1,R,R,R,R,R,R,R,R
VirtualColonoscopy - No,76.0,86.1,81.7,72.4,65.5,74.3,79.9,80.6,72.2,80.3,80.6
VirtualColonoscopy - Yes,R,R,18.3,R,34.5,25.7,20.1,19.4,R,19.7,R
